GEO.id,GEO.id2,GEO.display-label,rescen42010,resbase42010,respop72010,respop72011,respop72012,respop72013,respop72014,respop72015,respop72016,respop72017
Id,Id2,Geography,"April 1, 2010 - Census","April 1, 2010 - Estimates Base",Population Estimate (as of July 1) - 2010,Population Estimate (as of July 1) - 2011,Population Estimate (as of July 1) - 2012,Population Estimate (as of July 1) - 2013,Population Estimate (as of July 1) - 2014,Population Estimate (as of July 1) - 2015,Population Estimate (as of July 1) - 2016,Population Estimate (as of July 1) - 2017
0500000US09001,09001,"Fairfield County, Connecticut",916829,916846,919749,929398,936345,942865,946547,948116,949191,949921
0500000US09003,09003,"Hartford County, Connecticut",894014,894031,895504,897778,898572,899765,898810,897626,895497,895388
0500000US09005,09005,"Litchfield County, Connecticut",189927,189926,189829,189076,187685,187062,185585,184349,183097,182177
0500000US09007,09007,"Middlesex County, Connecticut",165676,165676,165625,166265,165519,165293,164717,163698,163433,163410
0500000US09009,09009,"New Haven County, Connecticut",862477,862462,863618,864725,865335,864558,864073,861594,859973,860435
0500000US09011,09011,"New London County, Connecticut",274055,274059,274036,273226,274280,273388,271864,270266,269307,269033
0500000US09013,09013,"Tolland County, Connecticut",152691,152691,153214,153063,151973,151908,151748,151717,151145,151461
0500000US09015,09015,"Windham County, Connecticut",118428,118423,118596,118396,117996,117631,116844,116496,116042,116359
